2013/04/14,10:09:18,1500,"Adrian Sutil"
2013/03/17,08:57:27,1000,"Adrian Sutil"
2013/03/17,08:02:14,500,"Adrian Sutil"
2013/03/17,07:59:28,250,"Adrian Sutil"
2013/03/15,07:37:54,500,"Adrian Sutil"
2013/03/07,16:21:46,300,"Adrian Sutil"
2013/03/03,10:50:51,250,"Adrian Sutil"
2013/03/02,12:03:25,200,"Adrian Sutil"
2013/03/02,12:00:59,150,"Adrian Sutil"
2013/03/15,07:38:16,5000,"Charles Pic"
2013/03/03,10:52:51,3000,"Charles Pic"
2013/02/14,09:04:19,2500,"Charles Pic"
2013/03/15,10:42:47,2000,"Daniel Ricciardo"
2013/03/04,11:11:33,1500,"Daniel Ricciardo"
2013/02/14,09:03:18,1000,"Daniel Ricciardo"
2013/02/07,14:59:02,500,"Daniel Ricciardo"
2013/02/07,14:33:12,300,"Daniel Ricciardo"
2013/02/05,15:59:47,250,"Daniel Ricciardo"
2012/12/31,00:18:37,200,"Daniel Ricciardo"
2012/11/26,12:58:30,150,"Daniel Ricciardo"
2012/11/25,19:14:46,100,"Daniel Ricciardo"
2013/03/17,07:59:14,1500,"Esteban Gutierrez"
2013/03/15,07:37:52,750,"Esteban Gutierrez"
2013/02/15,16:51:49,500,"Esteban Gutierrez"
2013/02/09,21:05:47,250,"Esteban Gutierrez"
2013/02/07,14:33:12,200,"Esteban Gutierrez"
2013/01/03,20:52:13,150,"Esteban Gutierrez"
2012/11/25,19:14:46,100,"Esteban Gutierrez"
2013/06/29,14:29:25,750,"Felipe Massa"
2013/06/09,20:55:48,500,"Felipe Massa"
2013/06/09,15:08:32,300,"Felipe Massa"
2013/05/26,16:06:24,200,"Felipe Massa"
2013/05/26,15:55:59,150,"Felipe Massa"
2013/05/25,15:39:50,100,"Felipe Massa"
2013/05/23,14:57:48,66,"Felipe Massa"
2013/05/12,15:08:15,50,"Felipe Massa"
2013/05/11,15:16:58,66,"Felipe Massa"
2013/04/21,15:15:33,50,"Felipe Massa"
2013/04/19,13:40:17,40,"Felipe Massa"
2013/04/14,10:08:44,50,"Felipe Massa"
2013/04/13,08:37:19,33,"Felipe Massa"
2013/04/12,08:55:56,28,"Felipe Massa"
2013/04/12,04:55:11,40,"Felipe Massa"
2013/03/24,10:06:12,33,"Felipe Massa"
2013/03/23,10:10:40,28,"Felipe Massa"
2013/03/22,12:57:28,40,"Felipe Massa"
2013/03/17,08:01:54,33,"Felipe Massa"
2013/03/17,07:58:42,20,"Felipe Massa"
2013/03/16,05:03:27,28,"Felipe Massa"
2013/03/15,03:15:17,33,"Felipe Massa"
2013/03/07,16:21:06,50,"Felipe Massa"
2013/03/04,11:11:19,40,"Felipe Massa"
2013/02/14,12:22:11,33,"Felipe Massa"
2013/02/10,00:27:27,40,"Felipe Massa"
2012/11/25,19:14:46,50,"Felipe Massa"
2013/03/15,07:38:14,5000,"Giedo van der Garde"
2013/03/03,10:52:23,3000,"Giedo van der Garde"
2013/02/14,09:05:50,2500,"Giedo van der Garde"
2013/03/15,10:42:48,2000,"Jean Eric Vergne"
2013/03/04,11:11:43,1500,"Jean Eric Vergne"
2013/02/14,09:03:18,1000,"Jean Eric Vergne"
2013/02/07,14:59:02,500,"Jean Eric Vergne"
2013/02/07,14:33:12,300,"Jean Eric Vergne"
2013/02/05,15:59:47,250,"Jean Eric Vergne"
2012/12/31,00:18:37,200,"Jean Eric Vergne"
2012/12/07,15:29:07,150,"Jean Eric Vergne"
2012/11/25,19:14:46,100,"Jean Eric Vergne"
2013/06/30,15:13:07,1000,"Jenson Button"
2013/06/30,14:51:10,500,"Jenson Button"
2013/06/09,21:45:39,400,"Jenson Button"
2013/06/09,20:55:50,300,"Jenson Button"
2013/06/09,15:08:35,250,"Jenson Button"
2013/05/26,16:06:01,200,"Jenson Button"
2013/05/25,15:40:00,150,"Jenson Button"
2013/05/12,15:12:33,100,"Jenson Button"
2013/05/12,15:07:19,66,"Jenson Button"
2013/05/11,15:16:50,50,"Jenson Button"
2013/04/21,15:23:48,40,"Jenson Button"
2013/04/21,15:19:12,50,"Jenson Button"
2013/04/21,15:15:38,40,"Jenson Button"
2013/04/20,10:44:30,33,"Jenson Button"
2013/04/19,13:40:43,28,"Jenson Button"
2013/04/14,10:10:12,25,"Jenson Button"
2013/04/14,10:08:50,28,"Jenson Button"
2013/04/13,06:10:33,33,"Jenson Button"
2013/03/26,16:30:55,28,"Jenson Button"
2013/03/23,10:10:40,33,"Jenson Button"
2013/03/22,07:05:18,28,"Jenson Button"
2013/03/17,08:01:51,22,"Jenson Button"
2013/03/17,07:58:09,18,"Jenson Button"
2013/03/17,07:58:06,20,"Jenson Button"
2013/03/17,01:07:40,12,"Jenson Button"
2013/03/15,10:42:34,9,"Jenson Button"
2013/03/15,07:37:09,8,"Jenson Button"
2013/03/15,06:23:49,7,"Jenson Button"
2013/03/15,06:23:46,6.5,"Jenson Button"
2013/03/04,11:11:01,6,"Jenson Button"
2013/02/06,12:34:57,5,"Jenson Button"
2013/02/05,15:59:47,6.5,"Jenson Button"
2013/01/03,20:45:50,7,"Jenson Button"
2012/12/12,17:12:00,8,"Jenson Button"
2012/11/26,12:57:44,9,"Jenson Button"
2012/11/25,19:14:45,10,"Jenson Button"
2013/03/15,10:41:35,5000,"Jules Bianchi"
2013/03/03,10:52:40,3000,"Jules Bianchi"
2013/03/02,11:57:52,2500,"Jules Bianchi"
2013/10/06,09:19:55,500,"Kimi Raikkonen"
2013/10/06,09:09:02,150,"Kimi Raikkonen"
2013/09/22,15:45:47,500,"Kimi Raikkonen"
2013/09/22,15:20:48,250,"Kimi Raikkonen"
2013/09/21,15:11:54,200,"Kimi Raikkonen"
2013/09/08,15:05:01,150,"Kimi Raikkonen"
2013/09/08,14:48:59,100,"Kimi Raikkonen"
2013/09/07,14:11:06,50,"Kimi Raikkonen"
2013/09/06,10:55:41,40,"Kimi Raikkonen"
2013/08/25,14:49:45,33,"Kimi Raikkonen"
2013/08/24,16:05:41,20,"Kimi Raikkonen"
2013/08/20,16:59:15,14,"Kimi Raikkonen"
2013/07/28,15:10:04,12,"Kimi Raikkonen"
2013/07/07,15:11:44,10,"Kimi Raikkonen"
2013/07/07,15:11:32,8,"Kimi Raikkonen"
2013/07/06,14:49:09,20,"Kimi Raikkonen"
2013/07/05,10:18:09,18,"Kimi Raikkonen"
2013/07/05,10:06:32,16,"Kimi Raikkonen"
2013/06/09,21:10:22,14,"Kimi Raikkonen"
2013/06/09,21:02:14,12,"Kimi Raikkonen"
2013/06/09,20:55:38,10,"Kimi Raikkonen"
2013/05/26,15:55:45,7,"Kimi Raikkonen"
2013/05/25,15:39:23,6,"Kimi Raikkonen"
2013/05/12,15:07:56,5.5,"Kimi Raikkonen"
2013/05/12,15:07:08,5,"Kimi Raikkonen"
2013/04/21,15:18:57,5.5,"Kimi Raikkonen"
2013/04/20,15:09:44,6,"Kimi Raikkonen"
2013/04/19,13:40:30,5.5,"Kimi Raikkonen"
2013/04/14,10:31:06,6,"Kimi Raikkonen"
2013/04/14,10:08:38,6.5,"Kimi Raikkonen"
2013/04/14,10:07:52,6,"Kimi Raikkonen"
2013/04/13,08:37:12,6.5,"Kimi Raikkonen"
2013/04/13,06:10:17,7,"Kimi Raikkonen"
2013/04/12,04:55:17,6.5,"Kimi Raikkonen"
2013/03/24,10:12:11,6,"Kimi Raikkonen"
2013/03/24,10:05:49,5,"Kimi Raikkonen"
2013/03/22,07:05:18,3.5,"Kimi Raikkonen"
2013/03/22,06:09:28,3,"Kimi Raikkonen"
2013/03/22,03:40:19,3.33333333333333,"Kimi Raikkonen"
2013/03/17,07:57:57,3.5,"Kimi Raikkonen"
2013/03/17,01:07:40,11,"Kimi Raikkonen"
2013/03/15,07:52:06,9,"Kimi Raikkonen"
2013/03/15,07:37:17,10,"Kimi Raikkonen"
2013/03/07,16:18:46,11,"Kimi Raikkonen"
2013/03/03,10:53:22,12,"Kimi Raikkonen"
2013/02/15,21:49:57,11,"Kimi Raikkonen"
2013/02/14,09:27:26,12,"Kimi Raikkonen"
2012/12/31,00:18:08,11,"Kimi Raikkonen"
2012/11/25,19:14:45,10,"Kimi Raikkonen"
2013/10/06,09:31:27,200,"Lewis Hamilton"
2013/10/06,09:31:22,250,"Lewis Hamilton"
2013/10/06,09:20:00,150,"Lewis Hamilton"
2013/10/06,09:08:24,80,"Lewis Hamilton"
2013/10/04,07:30:05,40,"Lewis Hamilton"
2013/09/22,15:20:47,50,"Lewis Hamilton"
2013/09/21,15:11:51,33,"Lewis Hamilton"
2013/09/20,17:42:13,28,"Lewis Hamilton"
2013/09/20,17:42:11,18,"Lewis Hamilton"
2013/09/08,15:04:57,33,"Lewis Hamilton"
2013/09/08,14:48:53,25,"Lewis Hamilton"
2013/09/07,14:11:02,12,"Lewis Hamilton"
2013/09/06,10:56:33,10,"Lewis Hamilton"
2013/09/06,10:55:35,9,"Lewis Hamilton"
2013/08/25,14:50:17,10,"Lewis Hamilton"
2013/08/25,14:49:24,8,"Lewis Hamilton"
2013/08/24,16:05:37,7,"Lewis Hamilton"
2013/08/06,20:01:04,8,"Lewis Hamilton"
2013/08/02,18:34:19,9,"Lewis Hamilton"
2013/07/28,15:11:25,10,"Lewis Hamilton"
2013/07/28,15:10:04,12,"Lewis Hamilton"
2013/07/07,15:11:58,20,"Lewis Hamilton"
2013/07/07,15:11:32,16,"Lewis Hamilton"
2013/07/07,09:43:53,9,"Lewis Hamilton"
2013/07/06,14:49:09,10,"Lewis Hamilton"
2013/07/05,11:08:42,12,"Lewis Hamilton"
2013/07/05,10:20:50,10,"Lewis Hamilton"
2013/07/05,10:18:52,12,"Lewis Hamilton"
2013/07/05,10:06:29,14,"Lewis Hamilton"
2013/06/30,16:19:16,16,"Lewis Hamilton"
2013/06/30,15:12:51,18,"Lewis Hamilton"
2013/06/30,14:50:58,20,"Lewis Hamilton"
2013/06/29,14:29:18,18,"Lewis Hamilton"
2013/06/09,21:02:17,20,"Lewis Hamilton"
2013/05/26,17:46:45,22,"Lewis Hamilton"
2013/05/26,15:55:50,20,"Lewis Hamilton"
2013/05/25,15:39:39,16,"Lewis Hamilton"
2013/05/23,13:03:29,22,"Lewis Hamilton"
2013/05/12,15:29:33,25,"Lewis Hamilton"
2013/05/12,15:12:11,22,"Lewis Hamilton"
2013/05/12,15:11:47,25,"Lewis Hamilton"
2013/05/12,15:08:01,22,"Lewis Hamilton"
2013/05/12,15:07:17,20,"Lewis Hamilton"
2013/04/21,15:27:22,14,"Lewis Hamilton"
2013/04/21,15:27:15,16,"Lewis Hamilton"
2013/04/21,15:13:26,14,"Lewis Hamilton"
2013/04/20,10:44:21,10,"Lewis Hamilton"
2013/04/20,10:03:58,11,"Lewis Hamilton"
2013/04/19,13:40:36,10,"Lewis Hamilton"
2013/04/14,10:52:58,9,"Lewis Hamilton"
2013/04/14,10:12:49,8,"Lewis Hamilton"
2013/04/14,10:07:27,9,"Lewis Hamilton"
2013/04/13,08:37:15,8,"Lewis Hamilton"
2013/04/13,06:10:20,9,"Lewis Hamilton"
2013/04/12,04:55:01,10,"Lewis Hamilton"
2013/03/24,10:05:51,12,"Lewis Hamilton"
2013/03/23,10:10:40,14,"Lewis Hamilton"
2013/03/23,06:06:35,12,"Lewis Hamilton"
2013/03/23,06:05:42,11,"Lewis Hamilton"
2013/03/22,12:57:28,12,"Lewis Hamilton"
2013/03/22,07:06:33,11,"Lewis Hamilton"
2013/03/22,07:05:18,12,"Lewis Hamilton"
2013/03/17,07:57:52,10,"Lewis Hamilton"
2013/03/17,01:07:40,8,"Lewis Hamilton"
2013/03/16,03:29:51,7,"Lewis Hamilton"
2013/03/06,10:05:51,8,"Lewis Hamilton"
2013/03/03,20:43:23,7,"Lewis Hamilton"
2013/03/03,10:50:17,10,"Lewis Hamilton"
2013/03/02,16:28:47,11,"Lewis Hamilton"
2013/03/02,14:05:50,12,"Lewis Hamilton"
2013/02/07,15:59:34,14,"Lewis Hamilton"
2012/12/31,00:18:08,12,"Lewis Hamilton"
2012/11/25,19:14:45,14,"Lewis Hamilton"
2013/02/14,09:08:58,3000,"Luiz Razia"
2013/09/22,15:20:53,1000,"Mark Webber"
2013/09/08,15:05:03,500,"Mark Webber"
2013/09/08,14:49:05,400,"Mark Webber"
2013/09/07,14:11:10,300,"Mark Webber"
2013/09/06,10:55:48,400,"Mark Webber"
2013/08/25,14:49:36,300,"Mark Webber"
2013/08/20,16:59:04,200,"Mark Webber"
2013/07/07,15:11:32,150,"Mark Webber"
2013/07/05,14:50:09,100,"Mark Webber"
2013/06/30,15:12:56,150,"Mark Webber"
2013/06/09,20:55:54,125,"Mark Webber"
2013/05/12,15:07:41,100,"Mark Webber"
2013/05/12,15:07:33,80,"Mark Webber"
2013/05/11,15:16:45,66,"Mark Webber"
2013/04/21,15:24:03,50,"Mark Webber"
2013/04/21,15:15:31,40,"Mark Webber"
2013/04/14,11:15:23,33,"Mark Webber"
2013/04/14,10:07:30,40,"Mark Webber"
2013/04/13,08:37:18,28,"Mark Webber"
2013/04/13,06:10:22,22,"Mark Webber"
2013/03/24,10:05:59,20,"Mark Webber"
2013/03/23,10:10:40,25,"Mark Webber"
2013/03/22,07:05:18,18,"Mark Webber"
2013/03/22,03:40:15,16,"Mark Webber"
2013/03/17,08:00:30,20,"Mark Webber"
2013/03/17,08:00:00,18,"Mark Webber"
2013/03/17,07:58:16,16,"Mark Webber"
2013/03/17,01:07:40,12,"Mark Webber"
2013/03/15,10:41:13,14,"Mark Webber"
2013/03/15,06:23:55,12,"Mark Webber"
2013/03/15,03:15:34,14,"Mark Webber"
2013/03/15,03:15:29,16,"Mark Webber"
2013/03/03,10:49:30,18,"Mark Webber"
2013/03/02,16:28:40,20,"Mark Webber"
2013/02/09,21:04:08,18,"Mark Webber"
2012/11/26,12:58:14,16,"Mark Webber"
2012/11/25,19:14:46,14,"Mark Webber"
2013/03/15,10:41:39,5000,"Max Chilton"
2013/03/03,10:51:56,3000,"Max Chilton"
2013/02/14,09:06:58,2500,"Max Chilton"
2013/04/14,10:09:23,1500,"Nico Hulkenberg"
2013/03/17,08:57:23,1000,"Nico Hulkenberg"
2013/03/15,07:38:01,500,"Nico Hulkenberg"
2013/03/11,13:38:29,200,"Nico Hulkenberg"
2013/03/07,16:21:45,250,"Nico Hulkenberg"
2013/03/03,10:51:38,200,"Nico Hulkenberg"
2013/02/14,09:02:00,150,"Nico Hulkenberg"
2013/02/09,21:04:39,125,"Nico Hulkenberg"
2013/02/07,14:33:12,100,"Nico Hulkenberg"
2013/01/03,20:52:13,80,"Nico Hulkenberg"
2012/11/25,19:14:46,66,"Nico Hulkenberg"
2013/09/22,15:45:49,750,"Nico Rosberg"
2013/09/22,15:20:51,500,"Nico Rosberg"
2013/09/21,15:12:00,300,"Nico Rosberg"
2013/09/08,15:53:41,500,"Nico Rosberg"
2013/09/08,14:49:02,500,"Nico Rosberg"
2013/09/07,14:11:12,250,"Nico Rosberg"
2013/09/06,10:55:43,200,"Nico Rosberg"
2013/08/25,14:49:41,150,"Nico Rosberg"
2013/07/31,13:51:14,100,"Nico Rosberg"
2013/07/28,15:10:04,66,"Nico Rosberg"
2013/07/06,14:49:09,33,"Nico Rosberg"
2013/07/05,14:49:59,25,"Nico Rosberg"
2013/07/05,14:13:03,22,"Nico Rosberg"
2013/07/05,14:12:58,25,"Nico Rosberg"
2013/07/05,11:08:47,22,"Nico Rosberg"
2013/07/05,10:20:47,25,"Nico Rosberg"
2013/07/05,10:18:10,28,"Nico Rosberg"
2013/06/30,15:01:32,33,"Nico Rosberg"
2013/06/30,15:00:51,40,"Nico Rosberg"
2013/06/30,14:51:03,50,"Nico Rosberg"
2013/06/09,21:02:21,66,"Nico Rosberg"
2013/06/09,20:55:43,50,"Nico Rosberg"
2013/06/08,14:15:57,40,"Nico Rosberg"
2013/05/26,15:55:54,33,"Nico Rosberg"
2013/05/25,15:40:09,40,"Nico Rosberg"
2013/05/23,13:03:32,66,"Nico Rosberg"
2013/05/12,15:29:44,80,"Nico Rosberg"
2013/05/12,15:08:06,66,"Nico Rosberg"
2013/04/21,15:17:09,50,"Nico Rosberg"
2013/04/14,10:53:00,40,"Nico Rosberg"
2013/04/14,10:07:36,33,"Nico Rosberg"
2013/04/13,06:10:35,28,"Nico Rosberg"
2013/04/12,04:55:05,33,"Nico Rosberg"
2013/03/24,10:06:16,50,"Nico Rosberg"
2013/03/22,12:57:28,66,"Nico Rosberg"
2013/03/22,07:05:18,50,"Nico Rosberg"
2013/03/17,07:58:53,40,"Nico Rosberg"
2013/03/16,03:30:12,33,"Nico Rosberg"
2013/03/06,10:07:59,40,"Nico Rosberg"
2013/03/03,20:50:19,33,"Nico Rosberg"
2013/03/03,10:50:28,50,"Nico Rosberg"
2013/02/19,15:56:06,66,"Nico Rosberg"
2013/02/14,09:28:48,80,"Nico Rosberg"
2013/02/14,09:27:57,66,"Nico Rosberg"
2013/02/07,14:32:36,50,"Nico Rosberg"
2012/11/25,19:28:22,40,"Nico Rosberg"
2012/11/25,19:14:46,50,"Nico Rosberg"
2013/04/14,10:53:10,2500,"Pastor Maldonado"
2013/04/14,10:09:09,2000,"Pastor Maldonado"
2013/03/17,08:01:21,1000,"Pastor Maldonado"
2013/03/17,07:59:38,750,"Pastor Maldonado"
2013/03/15,07:37:58,500,"Pastor Maldonado"
2013/03/07,16:21:45,250,"Pastor Maldonado"
2013/03/03,10:51:18,200,"Pastor Maldonado"
2013/03/02,12:01:24,150,"Pastor Maldonado"
2013/02/20,09:05:49,100,"Pastor Maldonado"
2013/02/20,09:05:10,150,"Pastor Maldonado"
2013/02/15,16:52:53,200,"Pastor Maldonado"
2013/02/09,21:05:33,150,"Pastor Maldonado"
2013/02/07,14:59:23,100,"Pastor Maldonado"
2013/02/07,14:33:12,125,"Pastor Maldonado"
2013/01/03,20:52:13,100,"Pastor Maldonado"
2012/11/25,19:14:46,80,"Pastor Maldonado"
2013/04/21,15:22:34,1000,"Paul di Resta"
2013/04/14,10:09:06,1500,"Paul di Resta"
2013/03/17,08:57:32,1000,"Paul di Resta"
2013/03/17,08:02:15,500,"Paul di Resta"
2013/03/17,07:59:44,300,"Paul di Resta"
2013/03/15,07:37:55,500,"Paul di Resta"
2013/03/07,16:21:46,300,"Paul di Resta"
2013/03/03,10:50:41,250,"Paul di Resta"
2013/02/15,16:52:32,200,"Paul di Resta"
2013/02/14,09:02:44,150,"Paul di Resta"
2013/02/07,14:33:12,125,"Paul di Resta"
2013/01/03,20:52:13,100,"Paul di Resta"
2012/11/25,19:14:46,80,"Paul di Resta"
2013/05/12,15:29:22,300,"Romain Grosjean"
2013/04/21,15:24:24,150,"Romain Grosjean"
2013/04/21,15:15:46,100,"Romain Grosjean"
2013/04/14,10:09:29,150,"Romain Grosjean"
2013/03/26,16:31:20,100,"Romain Grosjean"
2013/03/24,10:06:20,80,"Romain Grosjean"
2013/03/23,10:10:40,66,"Romain Grosjean"
2013/03/22,07:05:18,50,"Romain Grosjean"
2013/03/17,07:59:54,33,"Romain Grosjean"
2013/03/01,21:54:54,40,"Romain Grosjean"
2013/03/01,20:47:22,45,"Romain Grosjean"
2012/11/25,19:14:46,50,"Romain Grosjean"
2013/05/12,15:29:14,1000,"Sergio Perez"
2013/04/21,15:27:28,300,"Sergio Perez"
2013/04/21,15:24:13,500,"Sergio Perez"
2013/04/21,15:15:50,300,"Sergio Perez"
2013/04/14,10:09:25,250,"Sergio Perez"
2013/04/12,08:56:09,150,"Sergio Perez"
2013/03/23,10:10:40,100,"Sergio Perez"
2013/03/22,12:57:28,80,"Sergio Perez"
2013/03/17,07:58:49,66,"Sergio Perez"
2013/03/17,01:07:40,25,"Sergio Perez"
2013/03/15,07:37:22,20,"Sergio Perez"
2013/03/15,06:23:57,18,"Sergio Perez"
2013/03/15,03:15:32,16,"Sergio Perez"
2013/03/04,11:12:12,14,"Sergio Perez"
2013/02/21,09:27:43,12,"Sergio Perez"
2013/02/06,12:34:57,14,"Sergio Perez"
2012/11/25,19:14:45,16,"Sergio Perez"
2013/04/14,10:09:03,2500,"Valtteri Bottas"
2013/03/17,08:01:23,1000,"Valtteri Bottas"
2013/03/17,07:59:19,750,"Valtteri Bottas"
2013/03/15,07:37:59,500,"Valtteri Bottas"
2013/03/07,16:21:45,250,"Valtteri Bottas"
2013/03/03,10:51:05,200,"Valtteri Bottas"
2013/03/02,12:01:34,150,"Valtteri Bottas"
2013/02/20,09:06:32,100,"Valtteri Bottas"
2013/02/15,16:53:04,200,"Valtteri Bottas"
2013/02/09,21:05:13,150,"Valtteri Bottas"
2013/02/07,14:33:12,125,"Valtteri Bottas"
2012/12/07,15:26:59,100,"Valtteri Bottas"
2013/10/13,08:59:41,0.0001,"Sebastian Vettel"
2013/10/13,08:59:20,0.0002,"Sebastian Vettel"
2013/10/13,08:58:56,0.0001,"Sebastian Vettel"
2013/10/13,08:58:43,1E-05,"Sebastian Vettel"
2013/10/13,08:58:39,0.0001,"Sebastian Vettel"
2013/10/06,09:39:13,0.002,"Sebastian Vettel"
2013/10/06,09:31:16,1E-05,"Sebastian Vettel"
2013/10/06,09:20:03,0.002,"Sebastian Vettel"
2013/10/06,09:08:16,1E-05,"Sebastian Vettel"
2013/10/05,07:10:49,0.004,"Sebastian Vettel"
2013/09/22,15:20:44,0.005,"Sebastian Vettel"
2013/09/22,09:32:28,0.01,"Sebastian Vettel"
2013/09/21,15:12:06,0.01515151515152,"Sebastian Vettel"
2013/09/21,15:11:45,0.02,"Sebastian Vettel"
2013/09/20,17:42:06,0.03030303030303,"Sebastian Vettel"
2013/09/08,15:53:16,0.04,"Sebastian Vettel"
2013/09/08,14:48:44,0.03030303030303,"Sebastian Vettel"
2013/09/07,14:11:00,0.08333333333333,"Sebastian Vettel"
2013/09/07,10:30:10,0.125,"Sebastian Vettel"
2013/08/25,14:49:17,0.14285714285714,"Sebastian Vettel"
2013/08/24,16:05:34,0.22222222222222,"Sebastian Vettel"
2013/08/02,18:34:19,0.25,"Sebastian Vettel"
2013/07/31,13:51:39,0.22222222222222,"Sebastian Vettel"
2013/07/31,13:50:54,0.25,"Sebastian Vettel"
2013/07/07,15:11:32,0.28571428571429,"Sebastian Vettel"
2013/07/06,14:49:09,0.36363636363636,"Sebastian Vettel"
2013/07/06,11:20:58,0.4,"Sebastian Vettel"
2013/06/30,14:50:46,0.44444444444444,"Sebastian Vettel"
2013/06/30,12:22:19,0.36363636363636,"Sebastian Vettel"
2013/06/29,14:29:13,0.4,"Sebastian Vettel"
2013/06/09,21:10:18,0.44444444444444,"Sebastian Vettel"
2013/06/09,21:02:05,0.5,"Sebastian Vettel"
2013/06/09,20:55:56,0.53333333333333,"Sebastian Vettel"
2013/06/09,20:55:21,0.57142857142857,"Sebastian Vettel"
2013/06/09,15:09:42,0.66666666666667,"Sebastian Vettel"
2013/06/09,15:09:36,0.66666666666667,"Sebastian Vettel"
2013/06/08,19:34:50,0.72727272727273,"Sebastian Vettel"
2013/05/26,15:59:50,0.83333333333333,"Sebastian Vettel"
2013/05/26,15:55:35,0.90909090909091,"Sebastian Vettel"
2013/05/25,15:39:02,1.2,"Sebastian Vettel"
2013/05/12,15:12:07,1.25,"Sebastian Vettel"
2013/05/12,15:07:01,1.2,"Sebastian Vettel"
2013/04/21,15:23:52,0.90909090909091,"Sebastian Vettel"
2013/04/21,15:13:11,0.83333333333333,"Sebastian Vettel"
2013/04/14,10:12:38,1.5,"Sebastian Vettel"
2013/04/14,10:07:47,1.375,"Sebastian Vettel"
2013/04/14,10:07:17,1.5,"Sebastian Vettel"
2013/04/13,08:37:06,1.25,"Sebastian Vettel"
2013/04/13,06:10:03,1.2,"Sebastian Vettel"
2013/04/12,08:55:37,1,"Sebastian Vettel"
2013/03/24,10:03:34,0.90909090909091,"Sebastian Vettel"
2013/03/23,10:10:40,1.5,"Sebastian Vettel"
2013/03/23,06:05:35,1.375,"Sebastian Vettel"
2013/03/18,07:09:29,1.5,"Sebastian Vettel"
2013/03/17,08:00:42,1.625,"Sebastian Vettel"
2013/03/17,07:57:28,1.5,"Sebastian Vettel"
2013/03/17,01:07:40,0.83333333333333,"Sebastian Vettel"
2013/03/16,04:21:11,1.25,"Sebastian Vettel"
2013/03/16,03:29:59,1.375,"Sebastian Vettel"
2013/03/15,07:36:57,1.25,"Sebastian Vettel"
2013/03/15,06:28:38,0.90909090909091,"Sebastian Vettel"
2013/03/15,05:40:56,1,"Sebastian Vettel"
2013/03/15,03:01:03,1.2,"Sebastian Vettel"
2013/03/02,12:02:24,1.5,"Sebastian Vettel"
2013/02/09,14:48:42,1.375,"Sebastian Vettel"
2013/02/07,14:34:09,1.5,"Sebastian Vettel"
2013/02/06,12:34:57,1.375,"Sebastian Vettel"
2012/11/25,19:14:45,1.25,"Sebastian Vettel"
2013/10/13,11:19:37,150,"Fernando Alonso"
2013/10/13,08:59:23,100,"Fernando Alonso"
2013/10/13,08:58:46,80,"Fernando Alonso"
2013/10/06,09:08:23,66,"Fernando Alonso"
2013/09/22,15:20:46,33,"Fernando Alonso"
2013/09/21,15:11:47,25,"Fernando Alonso"
2013/09/20,17:42:07,22,"Fernando Alonso"
2013/09/08,15:53:27,20,"Fernando Alonso"
2013/09/08,14:50:10,16,"Fernando Alonso"
2013/09/08,14:48:48,14,"Fernando Alonso"
2013/09/06,10:56:35,12,"Fernando Alonso"
2013/09/06,10:55:39,11,"Fernando Alonso"
2013/08/25,15:03:50,12,"Fernando Alonso"
2013/08/25,15:03:48,11,"Fernando Alonso"
2013/08/25,14:50:14,10,"Fernando Alonso"
2013/08/25,14:50:08,11,"Fernando Alonso"
2013/08/25,14:49:21,9,"Fernando Alonso"
2013/08/24,16:05:39,12,"Fernando Alonso"
2013/08/06,20:01:11,11,"Fernando Alonso"
2013/07/31,13:51:32,10,"Fernando Alonso"
2013/07/31,13:50:56,9,"Fernando Alonso"
2013/07/28,15:10:15,7.5,"Fernando Alonso"
2013/07/28,15:10:04,8,"Fernando Alonso"
2013/07/07,15:12:14,5,"Fernando Alonso"
2013/07/07,15:11:32,4.5,"Fernando Alonso"
2013/07/06,14:49:09,5,"Fernando Alonso"
2013/07/06,11:21:03,4.5,"Fernando Alonso"
2013/07/05,10:20:44,4,"Fernando Alonso"
2013/07/05,10:06:39,3.5,"Fernando Alonso"
2013/06/30,16:19:32,3.33333333333333,"Fernando Alonso"
2013/06/30,15:12:45,3,"Fernando Alonso"
2013/06/30,15:02:04,2.75,"Fernando Alonso"
2013/06/30,14:50:51,2.5,"Fernando Alonso"
2013/06/29,14:29:14,3,"Fernando Alonso"
2013/06/09,21:10:20,2.75,"Fernando Alonso"
2013/06/09,21:02:32,2.6,"Fernando Alonso"
2013/06/09,20:55:31,2.75,"Fernando Alonso"
2013/06/09,15:09:08,2.5,"Fernando Alonso"
2013/06/09,15:09:04,2.4,"Fernando Alonso"
2013/06/08,19:34:51,2.5,"Fernando Alonso"
2013/05/26,15:59:53,2,"Fernando Alonso"
2013/05/26,15:55:39,1.75,"Fernando Alonso"
2013/05/12,15:26:38,1.375,"Fernando Alonso"
2013/05/12,15:07:02,1.25,"Fernando Alonso"
2013/05/10,13:52:38,2.25,"Fernando Alonso"
2013/04/21,15:20:15,2.4,"Fernando Alonso"
2013/04/21,15:19:01,2.3,"Fernando Alonso"
2013/04/21,15:16:50,2.25,"Fernando Alonso"
2013/04/21,15:13:15,2.5,"Fernando Alonso"
2013/04/21,15:13:08,0.83333333333333,"Fernando Alonso"
2013/04/21,15:13:03,1.1,"Fernando Alonso"
2013/04/20,15:09:36,1.5,"Fernando Alonso"
2013/04/14,10:07:45,1.625,"Fernando Alonso"
2013/04/14,10:07:20,1.75,"Fernando Alonso"
2013/04/13,08:37:09,2.25,"Fernando Alonso"
2013/04/13,06:10:11,2.4,"Fernando Alonso"
2013/04/12,08:55:35,2.75,"Fernando Alonso"
2013/03/24,10:05:42,3,"Fernando Alonso"
2013/03/23,10:10:40,2,"Fernando Alonso"
2013/03/23,06:06:37,2.6,"Fernando Alonso"
2013/03/23,06:05:53,2.75,"Fernando Alonso"
2013/03/22,07:05:18,2.5,"Fernando Alonso"
2013/03/22,06:46:21,2.75,"Fernando Alonso"
2013/03/17,08:02:03,2.5,"Fernando Alonso"
2013/03/17,08:00:47,2.25,"Fernando Alonso"
2013/03/17,07:57:47,2.5,"Fernando Alonso"
2013/03/17,01:07:40,3.33333333333333,"Fernando Alonso"
2013/03/16,04:21:18,3,"Fernando Alonso"
2013/03/16,03:29:57,2.75,"Fernando Alonso"
2013/03/16,03:29:55,3.33333333333333,"Fernando Alonso"
2013/03/15,07:37:03,3,"Fernando Alonso"
2013/03/15,02:33:28,2.75,"Fernando Alonso"
2013/03/03,10:49:05,3,"Fernando Alonso"
2013/02/07,14:31:47,2.75,"Fernando Alonso"
2013/02/06,12:34:57,3,"Fernando Alonso"
2013/01/11,20:39:54,2.75,"Fernando Alonso"
2013/01/03,20:48:41,2.5,"Fernando Alonso"
2012/11/25,19:14:45,2.25,"Fernando Alonso"
